树	文件	ASM新增	我们独有	改值	簇
Map.wz	Map.wz/Map/Map3/300010100.img.xml	128	4	90	妖精森林
Map.wz	Map.wz/Map/Map3/300020000.img.xml	119	0	83	妖精森林
Map.wz	Map.wz/Map/Map3/300010300.img.xml	105	8	84	妖精森林
Map.wz	Map.wz/Map/Map3/300030000.img.xml	97	0	33	妖精森林
Map.wz	Map.wz/Map/Map3/300020100.img.xml	90	10	66	妖精森林
Map.wz	Map.wz/Map/Map3/300010000.img.xml	86	0	65	妖精森林
Map.wz	Map.wz/Map/Map3/300010200.img.xml	65	4	95	妖精森林
Map.wz	Map.wz/Map/Map1/101020001.img.xml	49	0	23	-
Map.wz	Map.wz/Map/Map3/300020200.img.xml	33	0	77	妖精森林
Map.wz	Map.wz/Map/Map2/240060000.img.xml	22	9	24	-
Map.wz	Map.wz/Map/Map2/240060100.img.xml	22	9	25	-
Map.wz	Map.wz/Map/Map3/300000002.img.xml	17	0	1	妖精森林
Map.wz	Map.wz/Map/Map3/300000010.img.xml	16	0	1	妖精森林
Map.wz	Map.wz/Map/Map3/300010400.img.xml	12	17	60	妖精森林
Map.wz	Map.wz/Map/Map3/300000100.img.xml	11	0	3	妖精森林
Map.wz	Map.wz/Map/Map2/222010402.img.xml	8	0	3	-
Map.wz	Map.wz/Map/Map2/261000011.img.xml	8	0	2	-
Map.wz	Map.wz/Map/Map2/261000021.img.xml	8	0	2	-
Map.wz	Map.wz/Map/Map2/240050500.img.xml	7	0	5	-
Map.wz	Map.wz/Map/Map2/240050600.img.xml	7	0	4	-
Map.wz	Map.wz/Map/Map3/300000011.img.xml	7	0	0	妖精森林
Map.wz	Map.wz/Map/Map3/300000012.img.xml	7	7	2	妖精森林
Map.wz	Map.wz/Map/Map3/300000001.img.xml	6	0	0	妖精森林
Map.wz	Map.wz/Map/Map3/300030100.img.xml	6	0	12	妖精森林
Map.wz	Map.wz/Map/Map2/200080100.img.xml	3	0	0	-
Map.wz	Map.wz/Map/Map2/221024500.img.xml	3	0	2	-
Map.wz	Map.wz/Map/Map2/211040300.img.xml	2	0	34	-
Map.wz	Map.wz/Map/Map2/211040400.img.xml	2	0	30	-
Map.wz	Map.wz/Map/Map2/211040700.img.xml	2	0	31	-
Map.wz	Map.wz/Map/Map2/211040800.img.xml	2	0	19	-
Map.wz	Map.wz/Map/Map2/211040900.img.xml	2	0	24	-
Map.wz	Map.wz/Map/Map2/211041000.img.xml	2	0	28	-
Map.wz	Map.wz/Map/Map2/211041900.img.xml	2	0	19	-
Map.wz	Map.wz/Map/Map2/211042400.img.xml	2	0	1	-
Map.wz	Map.wz/Map/Map2/221024400.img.xml	2	0	1	-
Map.wz	Map.wz/Map/Map2/240060200.img.xml	2	0	0	-
Map.wz	Map.wz/Map/Map2/251010401.img.xml	2	0	1	-
Map.wz	Map.wz/Map/Map2/251010404.img.xml	2	0	2	-
Map.wz	Map.wz/Map/Map2/261000020.img.xml	2	0	0	-
Map.wz	Map.wz/Map/Map1/105040305.img.xml	1	0	7	-
Map.wz	Map.wz/Map/Map2/200080101.img.xml	1	0	3	-
Map.wz	Map.wz/Map/Map2/211000000.img.xml	1	36	0	-
Map.wz	Map.wz/Map/Map2/211000001.img.xml	1	0	0	-
Map.wz	Map.wz/Map/Map2/211000100.img.xml	1	0	0	-
Map.wz	Map.wz/Map/Map2/211000101.img.xml	1	0	0	-
Map.wz	Map.wz/Map/Map2/211000102.img.xml	1	0	0	-
Map.wz	Map.wz/Map/Map2/211000200.img.xml	1	12	0	-
Map.wz	Map.wz/Map/Map2/211030000.img.xml	1	0	0	-
Map.wz	Map.wz/Map/Map2/211040000.img.xml	1	0	0	-
Map.wz	Map.wz/Map/Map2/211040001.img.xml	1	0	0	-
Map.wz	Map.wz/Map/Map2/211040100.img.xml	1	0	0	-
Map.wz	Map.wz/Map/Map2/211040101.img.xml	1	0	2	-
Map.wz	Map.wz/Map/Map2/211040102.img.xml	1	0	2	-
Map.wz	Map.wz/Map/Map2/211040200.img.xml	1	0	0	-
Map.wz	Map.wz/Map/Map2/211040401.img.xml	1	0	0	-
Map.wz	Map.wz/Map/Map2/211040500.img.xml	1	0	0	-
Map.wz	Map.wz/Map/Map2/211041500.img.xml	1	0	1	-
Map.wz	Map.wz/Map/Map2/211041600.img.xml	1	0	1	-
Map.wz	Map.wz/Map/Map2/211041700.img.xml	1	0	1	-
Map.wz	Map.wz/Map/Map2/211042000.img.xml	1	0	0	-
Map.wz	Map.wz/Map/Map2/211042100.img.xml	1	0	0	-
Map.wz	Map.wz/Map/Map2/211042101.img.xml	1	0	0	-
Map.wz	Map.wz/Map/Map2/211042200.img.xml	1	0	0	-
Map.wz	Map.wz/Map/Map2/211042300.img.xml	1	0	0	-
Map.wz	Map.wz/Map/Map2/261000010.img.xml	1	0	0	-
Map.wz	Map.wz/WorldMap/WorldMap.img.xml	1	0	0	-
Map.wz	Map.wz/WorldMap/WorldMap032.img.xml	1	0	0	-
Map.wz	Map.wz/Map/Map1/100040103.img.xml	0	0	1	-
Map.wz	Map.wz/Map/Map1/101010100.img.xml	0	0	1	-
Map.wz	Map.wz/Map/Map1/101010101.img.xml	0	0	1	-
Map.wz	Map.wz/Map/Map1/101010102.img.xml	0	0	1	-
Map.wz	Map.wz/Map/Map1/101030001.img.xml	0	0	1	-
Map.wz	Map.wz/Map/Map1/101030110.img.xml	0	0	1	-
Map.wz	Map.wz/Map/Map1/101030111.img.xml	0	0	1	-
Map.wz	Map.wz/Map/Map1/101030112.img.xml	0	0	1	-
Map.wz	Map.wz/Map/Map1/103000101.img.xml	0	0	1	-
Map.wz	Map.wz/Map/Map1/103000102.img.xml	0	0	1	-
Map.wz	Map.wz/Map/Map1/103000103.img.xml	0	0	1	-
Map.wz	Map.wz/Map/Map1/103000104.img.xml	0	0	1	-
Map.wz	Map.wz/Map/Map1/103000105.img.xml	0	0	1	-
Map.wz	Map.wz/Map/Map1/103000200.img.xml	0	0	1	-
Map.wz	Map.wz/Map/Map1/103000201.img.xml	0	0	1	-
Map.wz	Map.wz/Map/Map1/103000202.img.xml	0	0	1	-
Map.wz	Map.wz/Map/Map1/105040306.img.xml	0	0	1	-
Map.wz	Map.wz/Map/Map1/105090300.img.xml	0	0	1	-
Map.wz	Map.wz/Map/Map1/106000002.img.xml	0	0	1	-
Map.wz	Map.wz/Map/Map2/200010300.img.xml	0	0	1	-
Map.wz	Map.wz/Map/Map2/200010301.img.xml	0	0	1	-
Map.wz	Map.wz/Map/Map2/200010302.img.xml	0	0	1	-
Map.wz	Map.wz/Map/Map2/209000000.img.xml	0	0	3	-
Map.wz	Map.wz/Map/Map2/211010000.img.xml	0	0	2	-
Map.wz	Map.wz/Map/Map2/211020000.img.xml	0	0	2	-
Map.wz	Map.wz/Map/Map2/211041100.img.xml	0	0	2	-
Map.wz	Map.wz/Map/Map2/211041200.img.xml	0	0	2	-
Map.wz	Map.wz/Map/Map2/211041300.img.xml	0	0	2	-
Map.wz	Map.wz/Map/Map2/211041400.img.xml	0	0	2	-
Map.wz	Map.wz/Map/Map2/211041800.img.xml	0	0	1	-
Map.wz	Map.wz/Map/Map2/211050000.img.xml	0	0	3	-
Map.wz	Map.wz/Map/Map2/220010500.img.xml	0	0	1	-
Map.wz	Map.wz/Map/Map2/220040000.img.xml	0	0	1	-
Map.wz	Map.wz/Map/Map2/220040100.img.xml	0	0	1	-
Map.wz	Map.wz/Map/Map2/220060000.img.xml	0	0	1	-
Map.wz	Map.wz/Map/Map2/220060100.img.xml	0	0	1	-
Map.wz	Map.wz/Map/Map2/220060200.img.xml	0	0	1	-
Map.wz	Map.wz/Map/Map2/220060201.img.xml	0	0	1	-
Map.wz	Map.wz/Map/Map2/220060300.img.xml	0	0	1	-
Map.wz	Map.wz/Map/Map2/220060301.img.xml	0	0	1	-
Map.wz	Map.wz/Map/Map2/220060400.img.xml	0	0	1	-
Map.wz	Map.wz/Map/Map2/220070000.img.xml	0	0	1	-
Map.wz	Map.wz/Map/Map2/220070100.img.xml	0	0	1	-
Map.wz	Map.wz/Map/Map2/220070200.img.xml	0	0	1	-
Map.wz	Map.wz/Map/Map2/220070300.img.xml	0	0	1	-
Map.wz	Map.wz/Map/Map2/220070301.img.xml	0	0	1	-
Map.wz	Map.wz/Map/Map2/220070400.img.xml	0	0	1	-
Map.wz	Map.wz/Map/Map2/222010300.img.xml	0	0	2	-
Map.wz	Map.wz/Map/Map2/240000000.img.xml	0	11	0	-
Map.wz	Map.wz/Map/Map2/240010500.img.xml	0	0	1	-
Map.wz	Map.wz/Map/Map2/240040510.img.xml	0	0	1	-
Map.wz	Map.wz/Map/Map2/240040520.img.xml	0	0	1	-
Map.wz	Map.wz/Map/Map2/250010304.img.xml	0	0	1	-
Map.wz	Map.wz/Map/Map2/250010503.img.xml	0	1	0	-
Map.wz	Map.wz/Map/Map2/250020000.img.xml	0	0	1	-
Map.wz	Map.wz/Map/Map2/251010000.img.xml	0	0	1	-
Map.wz	Map.wz/Map/Map2/251010100.img.xml	0	0	1	-
Map.wz	Map.wz/Map/Map2/251010101.img.xml	0	0	1	-
Map.wz	Map.wz/Map/Map2/251010102.img.xml	0	0	1	-
Map.wz	Map.wz/Map/Map2/251010200.img.xml	0	0	1	-
Map.wz	Map.wz/Map/Map2/251010300.img.xml	0	0	1	-
Map.wz	Map.wz/Map/Map2/251010400.img.xml	0	0	1	-
Map.wz	Map.wz/Map/Map2/251010403.img.xml	0	0	1	-
Map.wz	Map.wz/Map/Map2/251010500.img.xml	0	0	1	-
Map.wz	Map.wz/Map/Map2/260020700.img.xml	0	9	0	-
Map.wz	Map.wz/Map/Map2/261020200.img.xml	0	0	2	-
Map.wz	Map.wz/Map/Map2/261020400.img.xml	0	0	2	-
Map.wz	Map.wz/Map/Map2/261020600.img.xml	0	0	2	-
Map.wz	Map.wz/Map/Map2/270020200.img.xml	0	0	1	-
Map.wz	Map.wz/Map/Map2/270030100.img.xml	0	0	1	-
Map.wz	Map.wz/Map/Map2/280030000.img.xml	0	0	1	-
Map.wz	Map.wz/Map/Map5/551030100.img.xml	0	0	1	-
Map.wz	Map.wz/Map/Map6/600020300.img.xml	0	0	1	-
Map.wz	Map.wz/Map/Map6/610010005.img.xml	0	0	1	-
Map.wz	Map.wz/Map/Map6/610020005.img.xml	0	0	1	-
Map.wz	Map.wz/Map/Map7/701000100.img.xml	0	2	6	-
Map.wz	Map.wz/Map/Map7/702070400.img.xml	0	0	2	-
Map.wz	Map.wz/Map/Map8/800020130.img.xml	0	0	1	-
Mob.wz	Mob.wz/9400265.img.xml	23	0	5	-
Mob.wz	Mob.wz/4250000.img.xml	10	2	11	-
Mob.wz	Mob.wz/4250001.img.xml	10	1	11	-
Mob.wz	Mob.wz/5250000.img.xml	10	1	11	-
Mob.wz	Mob.wz/5250001.img.xml	10	1	11	-
Mob.wz	Mob.wz/8840000.img.xml	10	19	24	-
Mob.wz	Mob.wz/5250002.img.xml	9	1	11	-
Mob.wz	Mob.wz/9400374.img.xml	5	0	5	-
Mob.wz	Mob.wz/9400375.img.xml	5	0	5	-
Mob.wz	Mob.wz/9400378.img.xml	5	0	5	-
Mob.wz	Mob.wz/9400379.img.xml	5	0	5	-
Mob.wz	Mob.wz/9400380.img.xml	5	0	5	-
Mob.wz	Mob.wz/9400264.img.xml	4	0	6	-
Mob.wz	Mob.wz/5220004.img.xml	3	0	1	-
Mob.wz	Mob.wz/9400270.img.xml	3	0	6	-
Mob.wz	Mob.wz/9410014.img.xml	3	0	0	-
Mob.wz	Mob.wz/9410015.img.xml	3	0	2	-
Mob.wz	Mob.wz/9600009.img.xml	3	0	0	-
Mob.wz	Mob.wz/5220003.img.xml	1	0	1	-
Mob.wz	Mob.wz/8500001.img.xml	1	0	0	-
Mob.wz	Mob.wz/8500002.img.xml	1	0	0	-
Mob.wz	Mob.wz/8800000.img.xml	1	0	1	-
Mob.wz	Mob.wz/8800001.img.xml	1	0	1	-
Mob.wz	Mob.wz/8800002.img.xml	1	0	1	-
Mob.wz	Mob.wz/8800003.img.xml	1	0	1	-
Mob.wz	Mob.wz/8800004.img.xml	1	0	1	-
Mob.wz	Mob.wz/8800007.img.xml	1	0	1	-
Mob.wz	Mob.wz/8800008.img.xml	1	0	1	-
Mob.wz	Mob.wz/8800009.img.xml	1	0	1	-
Mob.wz	Mob.wz/8800010.img.xml	1	0	1	-
Mob.wz	Mob.wz/8810000.img.xml	1	0	0	-
Mob.wz	Mob.wz/8810001.img.xml	1	0	0	-
Mob.wz	Mob.wz/8810002.img.xml	1	0	0	-
Mob.wz	Mob.wz/8810003.img.xml	1	0	0	-
Mob.wz	Mob.wz/8810004.img.xml	1	0	0	-
Mob.wz	Mob.wz/8810005.img.xml	1	0	0	-
Mob.wz	Mob.wz/8810006.img.xml	1	0	0	-
Mob.wz	Mob.wz/8810007.img.xml	1	0	0	-
Mob.wz	Mob.wz/8810008.img.xml	1	0	0	-
Mob.wz	Mob.wz/8810009.img.xml	1	0	0	-
Mob.wz	Mob.wz/9400263.img.xml	1	0	5	-
Mob.wz	Mob.wz/9400277.img.xml	1	0	0	-
Mob.wz	Mob.wz/9400279.img.xml	1	0	0	-
Mob.wz	Mob.wz/9400376.img.xml	1	0	4	-
Mob.wz	Mob.wz/9400591.img.xml	1	0	0	-
Mob.wz	Mob.wz/9420513.img.xml	1	0	0	-
Mob.wz	Mob.wz/9600025.img.xml	1	0	3	-
Mob.wz	Mob.wz/9600026.img.xml	1	0	1	-
Mob.wz	Mob.wz/2220000.img.xml	0	0	1	-
Mob.wz	Mob.wz/3220000.img.xml	0	0	1	-
Mob.wz	Mob.wz/3220001.img.xml	0	0	1	-
Mob.wz	Mob.wz/4220000.img.xml	0	0	1	-
Mob.wz	Mob.wz/4220001.img.xml	0	0	1	-
Mob.wz	Mob.wz/4300013.img.xml	0	0	3	-
Mob.wz	Mob.wz/5090000.img.xml	0	0	1	-
Mob.wz	Mob.wz/5090001.img.xml	0	0	4	-
Mob.wz	Mob.wz/5220000.img.xml	0	0	1	-
Mob.wz	Mob.wz/5220002.img.xml	0	0	2	-
Mob.wz	Mob.wz/6090000.img.xml	0	0	1	-
Mob.wz	Mob.wz/6090001.img.xml	0	0	1	-
Mob.wz	Mob.wz/6090002.img.xml	0	0	1	-
Mob.wz	Mob.wz/6090003.img.xml	0	0	1	-
Mob.wz	Mob.wz/6090004.img.xml	0	0	3	-
Mob.wz	Mob.wz/6110300.img.xml	0	0	1	-
Mob.wz	Mob.wz/6110301.img.xml	0	0	1	-
Mob.wz	Mob.wz/6130102.img.xml	0	0	1	-
Mob.wz	Mob.wz/6130208.img.xml	0	0	1	-
Mob.wz	Mob.wz/6130209.img.xml	0	0	1	-
Mob.wz	Mob.wz/6220000.img.xml	0	0	1	-
Mob.wz	Mob.wz/6220001.img.xml	0	0	1	-
Mob.wz	Mob.wz/6230300.img.xml	0	0	1	-
Mob.wz	Mob.wz/6230500.img.xml	0	0	1	-
Mob.wz	Mob.wz/6230601.img.xml	0	0	1	-
Mob.wz	Mob.wz/6300000.img.xml	0	0	1	-
Mob.wz	Mob.wz/6300001.img.xml	0	0	1	-
Mob.wz	Mob.wz/6300002.img.xml	0	0	1	-
Mob.wz	Mob.wz/6300100.img.xml	0	0	1	-
Mob.wz	Mob.wz/6400000.img.xml	0	0	1	-
Mob.wz	Mob.wz/6400001.img.xml	0	0	1	-
Mob.wz	Mob.wz/6400002.img.xml	0	0	1	-
Mob.wz	Mob.wz/6400100.img.xml	0	0	1	-
Mob.wz	Mob.wz/7090000.img.xml	0	0	3	-
Mob.wz	Mob.wz/7110301.img.xml	0	0	1	-
Mob.wz	Mob.wz/7120103.img.xml	0	0	1	-
Mob.wz	Mob.wz/7120104.img.xml	0	0	1	-
Mob.wz	Mob.wz/7120105.img.xml	0	0	1	-
Mob.wz	Mob.wz/7120106.img.xml	0	0	1	-
Mob.wz	Mob.wz/7120107.img.xml	0	0	1	-
Mob.wz	Mob.wz/7120108.img.xml	0	0	1	-
Mob.wz	Mob.wz/7130000.img.xml	0	0	1	-
Mob.wz	Mob.wz/7130001.img.xml	0	0	1	-
Mob.wz	Mob.wz/7130002.img.xml	0	0	1	-
Mob.wz	Mob.wz/7130003.img.xml	0	0	1	-
Mob.wz	Mob.wz/7130004.img.xml	0	0	1	-
Mob.wz	Mob.wz/7130100.img.xml	0	0	1	-
Mob.wz	Mob.wz/7130101.img.xml	0	0	1	-
Mob.wz	Mob.wz/7130103.img.xml	0	0	1	-
Mob.wz	Mob.wz/7130104.img.xml	0	0	1	-
Mob.wz	Mob.wz/7130200.img.xml	0	0	1	-
Mob.wz	Mob.wz/7130500.img.xml	0	0	1	-
Mob.wz	Mob.wz/7130501.img.xml	0	0	1	-
Mob.wz	Mob.wz/7130600.img.xml	0	0	1	-
Mob.wz	Mob.wz/7130601.img.xml	0	0	1	-
Mob.wz	Mob.wz/7220001.img.xml	0	0	1	-
Mob.wz	Mob.wz/7220002.img.xml	0	0	1	-
Mob.wz	Mob.wz/8090000.img.xml	0	0	3	-
Mob.wz	Mob.wz/8140200.img.xml	0	0	1	-
Mob.wz	Mob.wz/8140300.img.xml	0	0	1	-
Mob.wz	Mob.wz/8220000.img.xml	0	0	1	-
Mob.wz	Mob.wz/8220001.img.xml	0	0	2	-
Mob.wz	Mob.wz/8220002.img.xml	0	0	1	-
Mob.wz	Mob.wz/8220003.img.xml	0	0	2	-
Mob.wz	Mob.wz/8220004.img.xml	0	0	3	-
Mob.wz	Mob.wz/8220009.img.xml	0	0	1	-
Mob.wz	Mob.wz/8787125.img.xml	0	0	1	-
Mob.wz	Mob.wz/8787126.img.xml	0	0	1	-
Mob.wz	Mob.wz/8787127.img.xml	0	0	1	-
Mob.wz	Mob.wz/8787128.img.xml	0	0	1	-
Mob.wz	Mob.wz/8787129.img.xml	0	0	1	-
Mob.wz	Mob.wz/8787131.img.xml	0	0	1	-
Mob.wz	Mob.wz/8787148.img.xml	0	0	1	-
Mob.wz	Mob.wz/8787154.img.xml	0	0	1	-
Mob.wz	Mob.wz/8787155.img.xml	0	0	1	-
Mob.wz	Mob.wz/8800005.img.xml	0	0	1	-
Mob.wz	Mob.wz/8800006.img.xml	0	0	1	-
Mob.wz	Mob.wz/8820001.img.xml	0	0	1	-
Mob.wz	Mob.wz/9300003.img.xml	0	1	0	-
Mob.wz	Mob.wz/9300012.img.xml	0	1	0	-
Mob.wz	Mob.wz/9300028.img.xml	0	1	0	-
Mob.wz	Mob.wz/9300029.img.xml	0	1	0	-
Mob.wz	Mob.wz/9300030.img.xml	0	1	0	-
Mob.wz	Mob.wz/9300031.img.xml	0	1	0	-
Mob.wz	Mob.wz/9300032.img.xml	0	1	0	-
Mob.wz	Mob.wz/9300039.img.xml	0	1	0	-
Mob.wz	Mob.wz/9300105.img.xml	0	1	0	-
Mob.wz	Mob.wz/9300106.img.xml	0	1	0	-
Mob.wz	Mob.wz/9300107.img.xml	0	1	0	-
Mob.wz	Mob.wz/9300119.img.xml	0	1	0	-
Mob.wz	Mob.wz/9300187.img.xml	0	1	0	-
Mob.wz	Mob.wz/9300192.img.xml	0	1	0	-
Mob.wz	Mob.wz/9300195.img.xml	0	1	0	-
Mob.wz	Mob.wz/9300198.img.xml	0	1	0	-
Mob.wz	Mob.wz/9300340.img.xml	0	0	1	-
Mob.wz	Mob.wz/9400266.img.xml	0	0	2	-
Mob.wz	Mob.wz/9400271.img.xml	0	0	2	-
Mob.wz	Mob.wz/9400272.img.xml	0	0	3	-
Mob.wz	Mob.wz/9400273.img.xml	0	0	2	-
Mob.wz	Mob.wz/9400582.img.xml	0	0	1	-
Mob.wz	Mob.wz/9400590.img.xml	0	0	1	-
Mob.wz	Mob.wz/9400594.img.xml	0	0	1	-
Mob.wz	Mob.wz/9400596.img.xml	0	0	1	-
Mob.wz	Mob.wz/9400597.img.xml	0	0	1	-
Mob.wz	Mob.wz/9420512.img.xml	0	0	1	-
Mob.wz	Mob.wz/9420521.img.xml	0	0	1	-
Mob.wz	Mob.wz/9420522.img.xml	0	0	1	-
Mob.wz	Mob.wz/9420534.img.xml	0	0	1	-
Mob.wz	Mob.wz/9420535.img.xml	0	0	1	-
Mob.wz	Mob.wz/9420536.img.xml	0	0	1	-
Mob.wz	Mob.wz/9420537.img.xml	0	0	1	-
Mob.wz	Mob.wz/9500340.img.xml	0	1	0	-
Mob.wz	Mob.wz/9500343.img.xml	0	1	0	-
Mob.wz	Mob.wz/9500349.img.xml	0	1	0	-
Mob.wz	Mob.wz/9500351.img.xml	0	1	0	-
Mob.wz	Mob.wz/9700035.img.xml	0	0	2	-
Mob.wz	Mob.wz/9700037.img.xml	0	0	3	-
Npc.wz	Npc.wz/0002006.img.xml	1	0	0	-
Npc.wz	Npc.wz/9105003.img.xml	1	0	0	-
Npc.wz	Npc.wz/9330066.img.xml	1	0	0	-
Npc.wz	Npc.wz/2042000.img.xml	0	0	1	-
Npc.wz	Npc.wz/2042001.img.xml	0	0	1	-
Npc.wz	Npc.wz/2042002.img.xml	0	0	1	-
Npc.wz	Npc.wz/2103003.img.xml	0	0	1	-
Npc.wz	Npc.wz/2103004.img.xml	0	0	1	-
Npc.wz	Npc.wz/2103005.img.xml	0	0	1	-
Npc.wz	Npc.wz/2103006.img.xml	0	0	1	-
Npc.wz	Npc.wz/2103009.img.xml	0	0	1	-
Npc.wz	Npc.wz/2103010.img.xml	0	0	1	-
Npc.wz	Npc.wz/2103011.img.xml	0	0	1	-
Npc.wz	Npc.wz/2103012.img.xml	0	0	1	-
Npc.wz	Npc.wz/9120015.img.xml	0	0	1	-
Npc.wz	Npc.wz/9201096.img.xml	0	0	1	-
